,blueTopIndex,blueTopName,blueTopPlay,blueJungleIndex,blueJungleName,blueJunglePlay,blueMidIndex,blueMidName,blueMidPlay,blueBotIndex,blueBotName,blueBotPlay,blueSupportIndex,blueSupportName,blueSupportPlay,redTopIndex,redTopName,redTopPlay,redJungleIndex,redJungleName,redJunglePlay,redMidIndex,redMidName,redMidPlay,redBotIndex,redBotName,redBotPlay,redSupportIndex,redSupportName,redSupportPlay,realistic_blue,realistic_red,blue_excel_early,blue_excel_mid,blue_excel_late,red_excel_early,red_excel_mid,red_excel_late,language,age,gender,education,comments,Browser,OS,screenH,screenW,time_in_minutes,participant_id,blue_excel_general,TFearly,TFlate
0,39,Illaoi,0.002288340743658534,62,Lee Sin,0.06931485725380143,24,Ekko,0.005335900712596242,27,Ezreal,0.05810049251758237,142,Yuumi,0.028316690091815016,44.0,Jax,0.007655454913949518,72.0,Master Yi,0.016671090149709814,144.0,Zed,0.010999224187051846,15.0,Caitlyn,0.03607300128808285,76.0,Nami,0.02187492808975514,1,3,,,,,,,Mongol,65,Other,3,jeff final?,Firefox,Windows,1080,1920,4.321716666666667,1,,,
1,39,Illaoi,0.002288340743658534,62,Lee Sin,0.06931485725380143,24,Ekko,0.005335900712596242,27,Ezreal,0.05810049251758237,142,Yuumi,0.028316690091815016,44.0,Jax,0.007655454913949518,72.0,Master Yi,0.016671090149709814,144.0,Zed,0.010999224187051846,15.0,Caitlyn,0.03607300128808285,76.0,Nami,0.02187492808975514,1,3,0.65,0.43,0.21,,,,Mongol,65,Other,3,jeff final?,Firefox,Windows,1080,1920,4.321716666666667,1,,,
2,39,Illaoi,0.002288340743658534,62,Lee Sin,0.06931485725380143,24,Ekko,0.005335900712596242,27,Ezreal,0.05810049251758237,142,Yuumi,0.028316690091815016,44.0,Jax,0.007655454913949518,72.0,Master Yi,0.016671090149709814,144.0,Zed,0.010999224187051846,15.0,Caitlyn,0.03607300128808285,76.0,Nami,0.02187492808975514,1,3,0.65,0.43,0.21,0.16,0.43,0.69,Mongol,65,Other,3,jeff final?,Firefox,Windows,1080,1920,4.321716666666667,1,,,
3,106,Sion,0.0016071259857641208,62,Lee Sin,0.06931485725380143,144,Zed,0.010999224187051846,7,Aphelios,0.01662764353814789,142,Yuumi,0.028316690091815016,33.0,Garen,0.019608493880910526,25.0,Elise,0.019472053339195255,40.0,Irelia,0.0027179675580824487,49.0,Kalista,0.004300136427825036,42.0,Janna,0.011857549168425857,1,4,,,,,,,Mongol,65,Other,3,jeff final?,Firefox,Windows,1080,1920,4.321716666666667,1,,,
4,106,Sion,0.0016071259857641208,62,Lee Sin,0.06931485725380143,144,Zed,0.010999224187051846,7,Aphelios,0.01662764353814789,142,Yuumi,0.028316690091815016,33.0,Garen,0.019608493880910526,25.0,Elise,0.019472053339195255,40.0,Irelia,0.0027179675580824487,49.0,Kalista,0.004300136427825036,42.0,Janna,0.011857549168425857,1,4,0.53,0.27,0.05,,,,Mongol,65,Other,3,jeff final?,Firefox,Windows,1080,1920,4.321716666666667,1,,,
5,106,Sion,0.0016071259857641208,62,Lee Sin,0.06931485725380143,144,Zed,0.010999224187051846,7,Aphelios,0.01662764353814789,142,Yuumi,0.028316690091815016,33.0,Garen,0.019608493880910526,25.0,Elise,0.019472053339195255,40.0,Irelia,0.0027179675580824487,49.0,Kalista,0.004300136427825036,42.0,Janna,0.011857549168425857,1,4,0.53,0.27,0.05,0.02,0.68,0.86,Mongol,65,Other,3,jeff final?,Firefox,Windows,1080,1920,4.321716666666667,1,,,
6,94,Renekton,0.007344118295492123,57,Kha'Zix,0.013057112879471531,61,LeBlanc,0.008503413870595554,47,Jinx,0.012734010883548641,42,Janna,0.011857549168425857,29.0,Fiora,0.0081470094558141,43.0,Jarvan IV,0.019745206217341695,112.0,Sylas,0.009561148921175204,128.0,Vayne,0.022346071560992952,66.0,Lulu,0.016540847583652266,4,4,,,,,,,Mongol,65,Other,3,jeff final?,Firefox,Windows,1080,1920,4.321716666666667,1,,,
7,94,Renekton,0.007344118295492123,57,Kha'Zix,0.013057112879471531,61,LeBlanc,0.008503413870595554,47,Jinx,0.012734010883548641,42,Janna,0.011857549168425857,29.0,Fiora,0.0081470094558141,43.0,Jarvan IV,0.019745206217341695,112.0,Sylas,0.009561148921175204,128.0,Vayne,0.022346071560992952,66.0,Lulu,0.016540847583652266,4,4,0.14,0.32,0.56,,,,Mongol,65,Other,3,jeff final?,Firefox,Windows,1080,1920,4.321716666666667,1,,,
8,94,Renekton,0.007344118295492123,57,Kha'Zix,0.013057112879471531,61,LeBlanc,0.008503413870595554,47,Jinx,0.012734010883548641,42,Janna,0.011857549168425857,29.0,Fiora,0.0081470094558141,43.0,Jarvan IV,0.019745206217341695,112.0,Sylas,0.009561148921175204,128.0,Vayne,0.022346071560992952,66.0,Lulu,0.016540847583652266,4,4,0.14,0.32,0.56,0.93,0.89,0.87,Mongol,65,Other,3,jeff final?,Firefox,Windows,1080,1920,4.321716666666667,1,,,
9,29,Fiora,0.0081470094558141,131,Vi,0.005398781343082057,24,Ekko,0.005335900712596242,73,Miss Fortune,0.037818808970132685,75,Morgana,0.015169986838869621,77.0,Nasus,0.004153309610136628,93.0,Rek'Sai,0.00967257124126577,67.0,Lux,0.005367314717896645,15.0,Caitlyn,0.03607300128808285,14.0,Braum,0.006399661558270166,1,1,,,,,,,Mongol,65,Other,3,jeff final?,Firefox,Windows,1080,1920,4.321716666666667,1,,,
10,29,Fiora,0.0081470094558141,131,Vi,0.005398781343082057,24,Ekko,0.005335900712596242,73,Miss Fortune,0.037818808970132685,75,Morgana,0.015169986838869621,77.0,Nasus,0.004153309610136628,93.0,Rek'Sai,0.00967257124126577,67.0,Lux,0.005367314717896645,15.0,Caitlyn,0.03607300128808285,14.0,Braum,0.006399661558270166,1,1,0.01,0.02,0.05,,,,Mongol,65,Other,3,jeff final?,Firefox,Windows,1080,1920,4.321716666666667,1,,,
11,29,Fiora,0.0081470094558141,131,Vi,0.005398781343082057,24,Ekko,0.005335900712596242,73,Miss Fortune,0.037818808970132685,75,Morgana,0.015169986838869621,77.0,Nasus,0.004153309610136628,93.0,Rek'Sai,0.00967257124126577,67.0,Lux,0.005367314717896645,15.0,Caitlyn,0.03607300128808285,14.0,Braum,0.006399661558270166,1,1,0.01,0.02,0.05,0.92,0.95,0.89,Mongol,65,Other,3,jeff final?,Firefox,Windows,1080,1920,4.321716666666667,1,,,
12,103,Shen,0.00710454046233914,80,Nidalee,0.005148529184013345,64,Lissandra,0.0019274227309047014,127,Varus,0.005941640520042968,63,Leona,0.021453362052759887,16.0,Camille,0.003114017295605776,93.0,Rek'Sai,0.00967257124126577,21.0,Diana,0.011504191500929661,48.0,Kai'Sa,0.03355216732648984,142.0,Yuumi,0.028316690091815016,2,2,,,,,,,Mongol,65,Other,3,jeff final?,Firefox,Windows,1080,1920,4.321716666666667,1,,,
13,103,Shen,0.00710454046233914,80,Nidalee,0.005148529184013345,64,Lissandra,0.0019274227309047014,127,Varus,0.005941640520042968,63,Leona,0.021453362052759887,16.0,Camille,0.003114017295605776,93.0,Rek'Sai,0.00967257124126577,21.0,Diana,0.011504191500929661,48.0,Kai'Sa,0.03355216732648984,142.0,Yuumi,0.028316690091815016,2,2,0.03,0.98,0.47,,,,Mongol,65,Other,3,jeff final?,Firefox,Windows,1080,1920,4.321716666666667,1,,,
14,103,Shen,0.00710454046233914,80,Nidalee,0.005148529184013345,64,Lissandra,0.0019274227309047014,127,Varus,0.005941640520042968,63,Leona,0.021453362052759887,16.0,Camille,0.003114017295605776,93.0,Rek'Sai,0.00967257124126577,21.0,Diana,0.011504191500929661,48.0,Kai'Sa,0.03355216732648984,142.0,Yuumi,0.028316690091815016,2,2,0.03,0.98,0.47,0.93,0.17,0.76,Mongol,65,Other,3,jeff final?,Firefox,Windows,1080,1920,4.321716666666667,1,,,
15,20,Darius,0.014958875382451945,102,Shaco,0.010845159257805968,40,Irelia,0.0027179675580824487,127,Varus,0.005941640520042968,88,Pyke,0.01892902550967413,33.0,Garen,0.019608493880910526,81.0,Nocturne,0.005493495625711453,61.0,LeBlanc,0.008503413870595554,17.0,Cassiopeia,0.0005838140091102243,100.0,Senna,0.043651558475035754,3,3,,,,,,,Mongol,65,Other,3,jeff final?,Firefox,Windows,1080,1920,4.321716666666667,1,,,
16,20,Darius,0.014958875382451945,102,Shaco,0.010845159257805968,40,Irelia,0.0027179675580824487,127,Varus,0.005941640520042968,88,Pyke,0.01892902550967413,33.0,Garen,0.019608493880910526,81.0,Nocturne,0.005493495625711453,61.0,LeBlanc,0.008503413870595554,17.0,Cassiopeia,0.0005838140091102243,100.0,Senna,0.043651558475035754,3,3,0.97,0.95,0.93,,,,Mongol,65,Other,3,jeff final?,Firefox,Windows,1080,1920,4.321716666666667,1,,,
17,20,Darius,0.014958875382451945,102,Shaco,0.010845159257805968,40,Irelia,0.0027179675580824487,127,Varus,0.005941640520042968,88,Pyke,0.01892902550967413,33.0,Garen,0.019608493880910526,81.0,Nocturne,0.005493495625711453,61.0,LeBlanc,0.008503413870595554,17.0,Cassiopeia,0.0005838140091102243,100.0,Senna,0.043651558475035754,3,3,0.97,0.95,0.93,0.03,0.01,0.05,Mongol,65,Other,3,jeff final?,Firefox,Windows,1080,1920,4.321716666666667,1,,,
18,122,Tryndamere,0.003864083706540475,99,Sejuani,0.008076254009346476,2,Akali,0.001857399104118325,27,Ezreal,0.05810049251758237,119,Thresh,0.051567001421490906,94.0,Renekton,0.007344118295492123,62.0,Lee Sin,0.06931485725380143,112.0,Sylas,0.009561148921175204,48.0,Kai'Sa,0.03355216732648984,100.0,Senna,0.043651558475035754,4,4,,,,,,,Mongol,65,Other,3,jeff final?,Firefox,Windows,1080,1920,4.321716666666667,1,,,
19,122,Tryndamere,0.003864083706540475,99,Sejuani,0.008076254009346476,2,Akali,0.001857399104118325,27,Ezreal,0.05810049251758237,119,Thresh,0.051567001421490906,94.0,Renekton,0.007344118295492123,62.0,Lee Sin,0.06931485725380143,112.0,Sylas,0.009561148921175204,48.0,Kai'Sa,0.03355216732648984,100.0,Senna,0.043651558475035754,4,4,0.06,0.07,0.08,,,,Mongol,65,Other,3,jeff final?,Firefox,Windows,1080,1920,4.321716666666667,1,,,
20,122,Tryndamere,0.003864083706540475,99,Sejuani,0.008076254009346476,2,Akali,0.001857399104118325,27,Ezreal,0.05810049251758237,119,Thresh,0.051567001421490906,94.0,Renekton,0.007344118295492123,62.0,Lee Sin,0.06931485725380143,112.0,Sylas,0.009561148921175204,48.0,Kai'Sa,0.03355216732648984,100.0,Senna,0.043651558475035754,4,4,0.06,0.07,0.08,0.62,0.63,0.61,Mongol,65,Other,3,jeff final?,Firefox,Windows,1080,1920,4.321716666666667,1,,,
21,103,Shen,0.00710454046233914,134,Volibear,0.0018806579789490665,30,Fizz,0.007378528457548092,27,Ezreal,0.05810049251758237,119,Thresh,0.051567001421490906,85.0,Ornn,0.010046626179340507,62.0,Lee Sin,0.06931485725380143,98.0,Ryze,0.0025385121707739984,15.0,Caitlyn,0.03607300128808285,78.0,Nautilus,0.023872794447207205,4,1,,,,,,,Mongol,65,Other,3,jeff final?,Firefox,Windows,1080,1920,4.321716666666667,1,,,
22,103,Shen,0.00710454046233914,134,Volibear,0.0018806579789490665,30,Fizz,0.007378528457548092,27,Ezreal,0.05810049251758237,119,Thresh,0.051567001421490906,85.0,Ornn,0.010046626179340507,62.0,Lee Sin,0.06931485725380143,98.0,Ryze,0.0025385121707739984,15.0,Caitlyn,0.03607300128808285,78.0,Nautilus,0.023872794447207205,4,1,0.46,0.42,0.43,,,,Mongol,65,Other,3,jeff final?,Firefox,Windows,1080,1920,4.321716666666667,1,,,
23,103,Shen,0.00710454046233914,134,Volibear,0.0018806579789490665,30,Fizz,0.007378528457548092,27,Ezreal,0.05810049251758237,119,Thresh,0.051567001421490906,85.0,Ornn,0.010046626179340507,62.0,Lee Sin,0.06931485725380143,98.0,Ryze,0.0025385121707739984,15.0,Caitlyn,0.03607300128808285,78.0,Nautilus,0.023872794447207205,4,1,0.46,0.42,0.43,0.21,0.19,0.24,Mongol,65,Other,3,jeff final?,Firefox,Windows,1080,1920,4.321716666666667,1,,,
24,103,Shen,0.00710454046233914,71,Master Yi,0.016671090149709814,64,Lissandra,0.0019274227309047014,8,Ashe,0.01096064977292873,119,Thresh,0.051567001421490906,68.0,Malphite,0.004871097340285659,62.0,Lee Sin,0.06931485725380143,53.0,Katarina,0.009896517881313276,140.0,Yasuo,0.0027438881338499974,100.0,Senna,0.043651558475035754,4,4,,,,,,,Mongol,65,Other,3,jeff final?,Firefox,Windows,1080,1920,4.321716666666667,1,,,
25,103,Shen,0.00710454046233914,71,Master Yi,0.016671090149709814,64,Lissandra,0.0019274227309047014,8,Ashe,0.01096064977292873,119,Thresh,0.051567001421490906,68.0,Malphite,0.004871097340285659,62.0,Lee Sin,0.06931485725380143,53.0,Katarina,0.009896517881313276,140.0,Yasuo,0.0027438881338499974,100.0,Senna,0.043651558475035754,4,4,0.29,0.29,0.26,,,,Mongol,65,Other,3,jeff final?,Firefox,Windows,1080,1920,4.321716666666667,1,,,
26,103,Shen,0.00710454046233914,71,Master Yi,0.016671090149709814,64,Lissandra,0.0019274227309047014,8,Ashe,0.01096064977292873,119,Thresh,0.051567001421490906,68.0,Malphite,0.004871097340285659,62.0,Lee Sin,0.06931485725380143,53.0,Katarina,0.009896517881313276,140.0,Yasuo,0.0027438881338499974,100.0,Senna,0.043651558475035754,4,4,0.29,0.29,0.26,0.56,0.69,0.94,Mongol,65,Other,3,jeff final?,Firefox,Windows,1080,1920,4.321716666666667,1,,,
27,33,Garen,0.019608493880910526,35,Gragas,0.00673269355932371,147,Zoe,0.005812577141225,48,Kai'Sa,0.03355216732648984,119,Thresh,0.051567001421490906,44.0,Jax,0.007655454913949518,80.0,Nidalee,0.005148529184013345,1.0,Ahri,0.007275436072798261,128.0,Vayne,0.022346071560992952,142.0,Yuumi,0.028316690091815016,2,3,,,,,,,Mongol,65,Other,3,jeff final?,Firefox,Windows,1080,1920,4.321716666666667,1,,,
28,33,Garen,0.019608493880910526,35,Gragas,0.00673269355932371,147,Zoe,0.005812577141225,48,Kai'Sa,0.03355216732648984,119,Thresh,0.051567001421490906,44.0,Jax,0.007655454913949518,80.0,Nidalee,0.005148529184013345,1.0,Ahri,0.007275436072798261,128.0,Vayne,0.022346071560992952,142.0,Yuumi,0.028316690091815016,2,3,0.7,0.21,0.38,,,,Mongol,65,Other,3,jeff final?,Firefox,Windows,1080,1920,4.321716666666667,1,,,
29,33,Garen,0.019608493880910526,35,Gragas,0.00673269355932371,147,Zoe,0.005812577141225,48,Kai'Sa,0.03355216732648984,119,Thresh,0.051567001421490906,44.0,Jax,0.007655454913949518,80.0,Nidalee,0.005148529184013345,1.0,Ahri,0.007275436072798261,128.0,Vayne,0.022346071560992952,142.0,Yuumi,0.028316690091815016,2,3,0.7,0.21,0.38,0.15,0.54,0.64,Mongol,65,Other,3,jeff final?,Firefox,Windows,1080,1920,4.321716666666667,1,,,
30,33,Garen,0.019608493880910526,24,Ekko,0.0207097357357504,67,Lux,0.005367314717896645,27,Ezreal,0.05810049251758237,66,Lulu,0.016540847583652266,0.0,Aatrox,0.008396035324805368,62.0,Lee Sin,0.06931485725380143,84.0,Orianna,0.0046886047952157985,48.0,Kai'Sa,0.03355216732648984,50.0,Karma,0.006833538979887967,1,2,,,,,,,Mongol,65,Other,3,jeff final?,Firefox,Windows,1080,1920,4.321716666666667,1,,,
31,33,Garen,0.019608493880910526,24,Ekko,0.0207097357357504,67,Lux,0.005367314717896645,27,Ezreal,0.05810049251758237,66,Lulu,0.016540847583652266,0.0,Aatrox,0.008396035324805368,62.0,Lee Sin,0.06931485725380143,84.0,Orianna,0.0046886047952157985,48.0,Kai'Sa,0.03355216732648984,50.0,Karma,0.006833538979887967,1,2,0.77,0.49,0.38,,,,Mongol,65,Other,3,jeff final?,Firefox,Windows,1080,1920,4.321716666666667,1,,,
32,33,Garen,0.019608493880910526,24,Ekko,0.0207097357357504,67,Lux,0.005367314717896645,27,Ezreal,0.05810049251758237,66,Lulu,0.016540847583652266,0.0,Aatrox,0.008396035324805368,62.0,Lee Sin,0.06931485725380143,84.0,Orianna,0.0046886047952157985,48.0,Kai'Sa,0.03355216732648984,50.0,Karma,0.006833538979887967,1,2,0.77,0.49,0.38,0.05,0.19,0.16,Mongol,65,Other,3,jeff final?,Firefox,Windows,1080,1920,4.321716666666667,1,,,
33,33,Garen,0.019608493880910526,125,Udyr,0.0016969342631993794,30,Fizz,0.007378528457548092,46,Jhin,0.021406666311062736,119,Thresh,0.051567001421490906,140.0,Yasuo,0.002045755580169183,55.0,Kayn,0.014874667910108894,53.0,Katarina,0.009896517881313276,15.0,Caitlyn,0.03607300128808285,11.0,Bard,0.009821706366220356,3,4,,,,,,,Mongol,65,Other,3,jeff final?,Firefox,Windows,1080,1920,4.321716666666667,1,,,
34,33,Garen,0.019608493880910526,125,Udyr,0.0016969342631993794,30,Fizz,0.007378528457548092,46,Jhin,0.021406666311062736,119,Thresh,0.051567001421490906,140.0,Yasuo,0.002045755580169183,55.0,Kayn,0.014874667910108894,53.0,Katarina,0.009896517881313276,15.0,Caitlyn,0.03607300128808285,11.0,Bard,0.009821706366220356,3,4,0.18,0.13,0.1,,,,Mongol,65,Other,3,jeff final?,Firefox,Windows,1080,1920,4.321716666666667,1,,,
35,33,Garen,0.019608493880910526,125,Udyr,0.0016969342631993794,30,Fizz,0.007378528457548092,46,Jhin,0.021406666311062736,119,Thresh,0.051567001421490906,140.0,Yasuo,0.002045755580169183,55.0,Kayn,0.014874667910108894,53.0,Katarina,0.009896517881313276,15.0,Caitlyn,0.03607300128808285,11.0,Bard,0.009821706366220356,3,4,0.18,0.13,0.1,0.71,0.75,0.76,Mongol,65,Other,3,jeff final?,Firefox,Windows,1080,1920,4.321716666666667,1,,,
36,33,Garen,0.019608493880910526,122,Tryndamere,0.0006344606343394903,116,Talon,0.004901705622693233,73,Miss Fortune,0.037818808970132685,78,Nautilus,0.023872794447207205,29.0,Fiora,0.0081470094558141,131.0,Vi,0.005398781343082057,53.0,Katarina,0.009896517881313276,15.0,Caitlyn,0.03607300128808285,42.0,Janna,0.011857549168425857,1,4,,,,,,,Mongol,65,Other,3,jeff final?,Firefox,Windows,1080,1920,4.321716666666667,1,,,
37,33,Garen,0.019608493880910526,122,Tryndamere,0.0006344606343394903,116,Talon,0.004901705622693233,73,Miss Fortune,0.037818808970132685,78,Nautilus,0.023872794447207205,29.0,Fiora,0.0081470094558141,131.0,Vi,0.005398781343082057,53.0,Katarina,0.009896517881313276,15.0,Caitlyn,0.03607300128808285,42.0,Janna,0.011857549168425857,1,4,0.9,0.54,0.47,,,,Mongol,65,Other,3,jeff final?,Firefox,Windows,1080,1920,4.321716666666667,1,,,
38,33,Garen,0.019608493880910526,122,Tryndamere,0.0006344606343394903,116,Talon,0.004901705622693233,73,Miss Fortune,0.037818808970132685,78,Nautilus,0.023872794447207205,29.0,Fiora,0.0081470094558141,131.0,Vi,0.005398781343082057,53.0,Katarina,0.009896517881313276,15.0,Caitlyn,0.03607300128808285,42.0,Janna,0.011857549168425857,1,4,0.9,0.54,0.47,0.1,0.24,0.77,Mongol,65,Other,3,jeff final?,Firefox,Windows,1080,1920,4.321716666666667,1,,,
39,33,Garen,0.019608493880910526,25,Elise,0.019472053339195255,97,Rumble,0.0015187294970338925,46,Jhin,0.021406666311062736,100,Senna,0.043651558475035754,74.0,Mordekaiser,0.012094809295690226,57.0,Kha'Zix,0.013057112879471531,1.0,Ahri,0.007275436072798261,73.0,Miss Fortune,0.037818808970132685,66.0,Lulu,0.016540847583652266,2,3,,,,,,,Mongol,65,Other,3,jeff final?,Firefox,Windows,1080,1920,4.321716666666667,1,,,
40,33,Garen,0.019608493880910526,25,Elise,0.019472053339195255,97,Rumble,0.0015187294970338925,46,Jhin,0.021406666311062736,100,Senna,0.043651558475035754,74.0,Mordekaiser,0.012094809295690226,57.0,Kha'Zix,0.013057112879471531,1.0,Ahri,0.007275436072798261,73.0,Miss Fortune,0.037818808970132685,66.0,Lulu,0.016540847583652266,2,3,0.14,0.32,0.62,,,,Mongol,65,Other,3,jeff final?,Firefox,Windows,1080,1920,4.321716666666667,1,,,
41,33,Garen,0.019608493880910526,25,Elise,0.019472053339195255,97,Rumble,0.0015187294970338925,46,Jhin,0.021406666311062736,100,Senna,0.043651558475035754,74.0,Mordekaiser,0.012094809295690226,57.0,Kha'Zix,0.013057112879471531,1.0,Ahri,0.007275436072798261,73.0,Miss Fortune,0.037818808970132685,66.0,Lulu,0.016540847583652266,2,3,0.14,0.32,0.62,0.61,0.38,0.22,Mongol,65,Other,3,jeff final?,Firefox,Windows,1080,1920,4.321716666666667,1,,,
42,126,Urgot,0.0013251826493248058,143,Zac,0.022582715719356494,144,Zed,0.010999224187051846,8,Ashe,0.01096064977292873,50,Karma,0.006833538979887967,118.0,Teemo,0.003276672184214526,104.0,Shyvana,0.006071509938783549,2.0,Akali,0.001857399104118325,73.0,Miss Fortune,0.037818808970132685,67.0,Lux,0.010197378037337607,3,4,,,,,,,Mongol,65,Other,3,jeff final?,Firefox,Windows,1080,1920,4.321716666666667,1,,,
43,126,Urgot,0.0013251826493248058,143,Zac,0.022582715719356494,144,Zed,0.010999224187051846,8,Ashe,0.01096064977292873,50,Karma,0.006833538979887967,118.0,Teemo,0.003276672184214526,104.0,Shyvana,0.006071509938783549,2.0,Akali,0.001857399104118325,73.0,Miss Fortune,0.037818808970132685,67.0,Lux,0.010197378037337607,3,4,0.22,0.46,0.72,,,,Mongol,65,Other,3,jeff final?,Firefox,Windows,1080,1920,4.321716666666667,1,,,
44,126,Urgot,0.0013251826493248058,143,Zac,0.022582715719356494,144,Zed,0.010999224187051846,8,Ashe,0.01096064977292873,50,Karma,0.006833538979887967,118.0,Teemo,0.003276672184214526,104.0,Shyvana,0.006071509938783549,2.0,Akali,0.001857399104118325,73.0,Miss Fortune,0.037818808970132685,67.0,Lux,0.010197378037337607,3,4,0.22,0.46,0.72,0.74,0.4,0.23,Mongol,65,Other,3,jeff final?,Firefox,Windows,1080,1920,4.321716666666667,1,,,
45,20,Darius,0.014958875382451945,62,Lee Sin,0.06931485725380143,21,Diana,0.011504191500929661,46,Jhin,0.021406666311062736,148,Zyra,0.004153309610136628,2.0,Akali,0.0009236607258920409,143.0,Zac,0.022582715719356494,133.0,Vladimir,0.006234968896018543,65.0,Lucian,0.023872794447207205,14.0,Braum,0.006399661558270166,1,1,,,,,,,Mongol,65,Other,3,jeff final?,Firefox,Windows,1080,1920,4.321716666666667,1,,,
46,20,Darius,0.014958875382451945,62,Lee Sin,0.06931485725380143,21,Diana,0.011504191500929661,46,Jhin,0.021406666311062736,148,Zyra,0.004153309610136628,2.0,Akali,0.0009236607258920409,143.0,Zac,0.022582715719356494,133.0,Vladimir,0.006234968896018543,65.0,Lucian,0.023872794447207205,14.0,Braum,0.006399661558270166,1,1,0.92,0.87,0.84,,,,Mongol,65,Other,3,jeff final?,Firefox,Windows,1080,1920,4.321716666666667,1,,,
47,20,Darius,0.014958875382451945,62,Lee Sin,0.06931485725380143,21,Diana,0.011504191500929661,46,Jhin,0.021406666311062736,148,Zyra,0.004153309610136628,2.0,Akali,0.0009236607258920409,143.0,Zac,0.022582715719356494,133.0,Vladimir,0.006234968896018543,65.0,Lucian,0.023872794447207205,14.0,Braum,0.006399661558270166,1,1,0.92,0.87,0.84,0.18,0.14,0.09,Mongol,65,Other,3,jeff final?,Firefox,Windows,1080,1920,4.321716666666667,1,,,
48,29,Fiora,0.0081470094558141,24,Ekko,0.0207097357357504,116,Talon,0.004901705622693233,7,Aphelios,0.01662764353814789,11,Bard,0.009821706366220356,85.0,Ornn,0.010046626179340507,81.0,Nocturne,0.005493495625711453,52.0,Kassadin,0.007447486422735779,65.0,Lucian,0.023872794447207205,142.0,Yuumi,0.028316690091815016,4,1,,,,,,,Mongol,65,Other,3,jeff final?,Firefox,Windows,1080,1920,4.321716666666667,1,,,
49,29,Fiora,0.0081470094558141,24,Ekko,0.0207097357357504,116,Talon,0.004901705622693233,7,Aphelios,0.01662764353814789,11,Bard,0.009821706366220356,85.0,Ornn,0.010046626179340507,81.0,Nocturne,0.005493495625711453,52.0,Kassadin,0.007447486422735779,65.0,Lucian,0.023872794447207205,142.0,Yuumi,0.028316690091815016,4,1,0.13,0.62,0.94,,,,Mongol,65,Other,3,jeff final?,Firefox,Windows,1080,1920,4.321716666666667,1,,,
50,29,Fiora,0.0081470094558141,24,Ekko,0.0207097357357504,116,Talon,0.004901705622693233,7,Aphelios,0.01662764353814789,11,Bard,0.009821706366220356,85.0,Ornn,0.010046626179340507,81.0,Nocturne,0.005493495625711453,52.0,Kassadin,0.007447486422735779,65.0,Lucian,0.023872794447207205,142.0,Yuumi,0.028316690091815016,4,1,0.13,0.62,0.94,0.06,0.34,0.64,Mongol,65,Other,3,jeff final?,Firefox,Windows,1080,1920,4.321716666666667,1,,,
51,103,Shen,0.00710454046233914,24,Ekko,0.0207097357357504,129,Veigar,0.0033588805113738338,27,Ezreal,0.05810049251758237,100,Senna,0.043651558475035754,44.0,Jax,0.007655454913949518,93.0,Rek'Sai,0.00967257124126577,21.0,Diana,0.011504191500929661,128.0,Vayne,0.022346071560992952,13.0,Brand,0.005430300456492317,1,3,,,,,,,Mongol,65,Other,3,jeff final?,Firefox,Windows,1080,1920,4.321716666666667,1,,,
52,103,Shen,0.00710454046233914,24,Ekko,0.0207097357357504,129,Veigar,0.0033588805113738338,27,Ezreal,0.05810049251758237,100,Senna,0.043651558475035754,44.0,Jax,0.007655454913949518,93.0,Rek'Sai,0.00967257124126577,21.0,Diana,0.011504191500929661,128.0,Vayne,0.022346071560992952,13.0,Brand,0.005430300456492317,1,3,0.85,0.32,0.16,,,,Mongol,65,Other,3,jeff final?,Firefox,Windows,1080,1920,4.321716666666667,1,,,
53,103,Shen,0.00710454046233914,24,Ekko,0.0207097357357504,129,Veigar,0.0033588805113738338,27,Ezreal,0.05810049251758237,100,Senna,0.043651558475035754,44.0,Jax,0.007655454913949518,93.0,Rek'Sai,0.00967257124126577,21.0,Diana,0.011504191500929661,128.0,Vayne,0.022346071560992952,13.0,Brand,0.005430300456492317,1,3,0.85,0.32,0.16,0.05,0.44,0.87,Mongol,65,Other,3,jeff final?,Firefox,Windows,1080,1920,4.321716666666667,1,,,
54,20,Darius,0.014958875382451945,102,Shaco,0.010845159257805968,53,Katarina,0.009896517881313276,7,Aphelios,0.01662764353814789,50,Karma,0.006833538979887967,45.0,Jayce,0.0009812093731256782,83.0,Olaf,0.01146511857394008,140.0,Yasuo,0.0153819410656454,128.0,Vayne,0.022346071560992952,146.0,Zilean,0.00400795117132072,1,1,,,,,,,Mongol,65,Other,3,jeff final?,Firefox,Windows,1080,1920,4.321716666666667,1,,,
55,20,Darius,0.014958875382451945,102,Shaco,0.010845159257805968,53,Katarina,0.009896517881313276,7,Aphelios,0.01662764353814789,50,Karma,0.006833538979887967,45.0,Jayce,0.0009812093731256782,83.0,Olaf,0.01146511857394008,140.0,Yasuo,0.0153819410656454,128.0,Vayne,0.022346071560992952,146.0,Zilean,0.00400795117132072,1,1,0.11,0.41,0.86,,,,Mongol,65,Other,3,jeff final?,Firefox,Windows,1080,1920,4.321716666666667,1,,,
56,20,Darius,0.014958875382451945,102,Shaco,0.010845159257805968,53,Katarina,0.009896517881313276,7,Aphelios,0.01662764353814789,50,Karma,0.006833538979887967,45.0,Jayce,0.0009812093731256782,83.0,Olaf,0.01146511857394008,140.0,Yasuo,0.0153819410656454,128.0,Vayne,0.022346071560992952,146.0,Zilean,0.00400795117132072,1,1,0.11,0.41,0.86,0.91,0.48,0.22,Mongol,65,Other,3,jeff final?,Firefox,Windows,1080,1920,4.321716666666667,1,,,
57,33,Garen,0.019608493880910526,93,Rek'Sai,0.00967257124126577,144,Zed,0.010999224187051846,127,Varus,0.005941640520042968,100,Senna,0.043651558475035754,118.0,Teemo,0.003276672184214526,62.0,Lee Sin,0.06931485725380143,112.0,Sylas,0.009561148921175204,65.0,Lucian,0.023872794447207205,75.0,Morgana,0.015169986838869621,3,3,,,,,,,Mongol,65,Other,3,jeff final?,Firefox,Windows,1080,1920,4.321716666666667,1,,,
58,33,Garen,0.019608493880910526,93,Rek'Sai,0.00967257124126577,144,Zed,0.010999224187051846,127,Varus,0.005941640520042968,100,Senna,0.043651558475035754,118.0,Teemo,0.003276672184214526,62.0,Lee Sin,0.06931485725380143,112.0,Sylas,0.009561148921175204,65.0,Lucian,0.023872794447207205,75.0,Morgana,0.015169986838869621,3,3,0.27,0.37,0.38,,,,Mongol,65,Other,3,jeff final?,Firefox,Windows,1080,1920,4.321716666666667,1,,,
59,33,Garen,0.019608493880910526,93,Rek'Sai,0.00967257124126577,144,Zed,0.010999224187051846,127,Varus,0.005941640520042968,100,Senna,0.043651558475035754,118.0,Teemo,0.003276672184214526,62.0,Lee Sin,0.06931485725380143,112.0,Sylas,0.009561148921175204,65.0,Lucian,0.023872794447207205,75.0,Morgana,0.015169986838869621,3,3,0.27,0.37,0.38,0.19,0.5,0.8,Mongol,65,Other,3,jeff final?,Firefox,Windows,1080,1920,4.321716666666667,1,,,
0,20,Darius,0.014958875382451945,57,Kha'Zix,0.013057112879471531,30,Fizz,0.007378528457548092,65,Lucian,0.023872794447207205,63,Leona,0.02145336205275989,112.0,Sylas,0.002717967558082449,36.0,Graves,0.010084253971242848,123.0,Twisted Fate,0.0032221913188889974,27.0,Ezreal,0.05810049251758237,119.0,Thresh,0.051567001421490906,4,4,,,,,,,english,29,Female,4,,Chrome,Windows,1080,2560,2.76585,2,,,
1,20,Darius,0.014958875382451945,57,Kha'Zix,0.013057112879471531,30,Fizz,0.007378528457548092,65,Lucian,0.023872794447207205,63,Leona,0.02145336205275989,112.0,Sylas,0.002717967558082449,36.0,Graves,0.010084253971242848,123.0,Twisted Fate,0.0032221913188889974,27.0,Ezreal,0.05810049251758237,119.0,Thresh,0.051567001421490906,4,4,0.37,0.38,0.51,,,,english,29,Female,4,,Chrome,Windows,1080,2560,2.76585,2,,,
2,20,Darius,0.014958875382451945,57,Kha'Zix,0.013057112879471531,30,Fizz,0.007378528457548092,65,Lucian,0.023872794447207205,63,Leona,0.02145336205275989,112.0,Sylas,0.002717967558082449,36.0,Graves,0.010084253971242848,123.0,Twisted Fate,0.0032221913188889974,27.0,Ezreal,0.05810049251758237,119.0,Thresh,0.051567001421490906,4,4,0.37,0.38,0.51,0.41,0.39,0.5,english,29,Female,4,,Chrome,Windows,1080,2560,2.76585,2,,,
3,33,Garen,0.019608493880910526,131,Vi,0.005398781343082057,123,Twisted Fate,0.0032221913188889974,128,Vayne,0.022346071560992952,76,Nami,0.02187492808975514,101.0,Sett,0.014122960051346539,143.0,Zac,0.022582715719356494,21.0,Diana,0.011504191500929661,27.0,Ezreal,0.05810049251758237,100.0,Senna,0.043651558475035754,3,3,,,,,,,english,29,Female,4,,Chrome,Windows,1080,2560,2.76585,2,,,
4,33,Garen,0.019608493880910526,131,Vi,0.005398781343082057,123,Twisted Fate,0.0032221913188889974,128,Vayne,0.022346071560992952,76,Nami,0.02187492808975514,101.0,Sett,0.014122960051346539,143.0,Zac,0.022582715719356494,21.0,Diana,0.011504191500929661,27.0,Ezreal,0.05810049251758237,100.0,Senna,0.043651558475035754,3,3,0.36,0.37,0.37,,,,english,29,Female,4,,Chrome,Windows,1080,2560,2.76585,2,,,
5,33,Garen,0.019608493880910526,131,Vi,0.005398781343082057,123,Twisted Fate,0.0032221913188889974,128,Vayne,0.022346071560992952,76,Nami,0.02187492808975514,101.0,Sett,0.014122960051346539,143.0,Zac,0.022582715719356494,21.0,Diana,0.011504191500929661,27.0,Ezreal,0.05810049251758237,100.0,Senna,0.043651558475035754,3,3,0.36,0.37,0.37,0.46,0.39,0.45,english,29,Female,4,,Chrome,Windows,1080,2560,2.76585,2,,,
0,44,Jax,0.007655454913949518,95,Rengar,0.007655454913949518,24,Ekko,0.005335900712596242,65,Lucian,0.023872794447207205,100,Senna,0.043651558475035754,133.0,Vladimir,0.004211865366525619,62.0,Lee Sin,0.06931485725380143,140.0,Yasuo,0.0153819410656454,15.0,Caitlyn,0.03607300128808285,14.0,Braum,0.006399661558270166,3,3,,,,,,,English,20,Male,2,"It's a well-done generator, overall, most drafts/picks were realistic and it was actually pretty enjoyable to do.",Chrome,Windows,864,1536,66.36995,3,,,
1,44,Jax,0.007655454913949518,95,Rengar,0.007655454913949518,24,Ekko,0.005335900712596242,65,Lucian,0.023872794447207205,100,Senna,0.043651558475035754,133.0,Vladimir,0.004211865366525619,62.0,Lee Sin,0.06931485725380143,140.0,Yasuo,0.0153819410656454,15.0,Caitlyn,0.03607300128808285,14.0,Braum,0.006399661558270166,3,3,0.64,0.72,0.3,,,,English,20,Male,2,"It's a well-done generator, overall, most drafts/picks were realistic and it was actually pretty enjoyable to do.",Chrome,Windows,864,1536,66.36995,3,,,
2,44,Jax,0.007655454913949518,95,Rengar,0.007655454913949518,24,Ekko,0.005335900712596242,65,Lucian,0.023872794447207205,100,Senna,0.043651558475035754,133.0,Vladimir,0.004211865366525619,62.0,Lee Sin,0.06931485725380143,140.0,Yasuo,0.0153819410656454,15.0,Caitlyn,0.03607300128808285,14.0,Braum,0.006399661558270166,3,3,0.64,0.72,0.3,0.39,0.57,0.73,English,20,Male,2,"It's a well-done generator, overall, most drafts/picks were realistic and it was actually pretty enjoyable to do.",Chrome,Windows,864,1536,66.36995,3,,,
3,74,Mordekaiser,0.012094809295690226,81,Nocturne,0.005493495625711453,86,Pantheon,0.00206966244110762,47,Jinx,0.012734010883548641,50,Karma,0.006833538979887966,33.0,Garen,0.019608493880910526,143.0,Zac,0.022582715719356494,64.0,Lissandra,0.0019274227309047014,15.0,Caitlyn,0.03607300128808285,63.0,Leona,0.02145336205275989,3,4,,,,,,,English,20,Male,2,"It's a well-done generator, overall, most drafts/picks were realistic and it was actually pretty enjoyable to do.",Chrome,Windows,864,1536,66.36995,3,,,
4,74,Mordekaiser,0.012094809295690226,81,Nocturne,0.005493495625711453,86,Pantheon,0.00206966244110762,47,Jinx,0.012734010883548641,50,Karma,0.006833538979887966,33.0,Garen,0.019608493880910526,143.0,Zac,0.022582715719356494,64.0,Lissandra,0.0019274227309047014,15.0,Caitlyn,0.03607300128808285,63.0,Leona,0.02145336205275989,3,4,0.73,0.66,0.43,,,,English,20,Male,2,"It's a well-done generator, overall, most drafts/picks were realistic and it was actually pretty enjoyable to do.",Chrome,Windows,864,1536,66.36995,3,,,
5,74,Mordekaiser,0.012094809295690226,81,Nocturne,0.005493495625711453,86,Pantheon,0.00206966244110762,47,Jinx,0.012734010883548641,50,Karma,0.006833538979887966,33.0,Garen,0.019608493880910526,143.0,Zac,0.022582715719356494,64.0,Lissandra,0.0019274227309047014,15.0,Caitlyn,0.03607300128808285,63.0,Leona,0.02145336205275989,3,4,0.73,0.66,0.43,0.49,0.62,0.69,English,20,Male,2,"It's a well-done generator, overall, most drafts/picks were realistic and it was actually pretty enjoyable to do.",Chrome,Windows,864,1536,66.36995,3,,,
6,54,Kayle,0.0025131633654807816,62,Lee Sin,0.06931485725380143,147,Zoe,0.005812577141225,127,Varus,0.0059416405200429685,12,Blitzcrank,0.01915475364261051,70.0,Maokai,0.0037500790258682298,102.0,Shaco,0.010845159257805968,140.0,Yasuo,0.0153819410656454,73.0,Miss Fortune,0.037818808970132685,42.0,Janna,0.011857549168425857,3,2,,,,,,,English,20,Male,2,"It's a well-done generator, overall, most drafts/picks were realistic and it was actually pretty enjoyable to do.",Chrome,Windows,864,1536,66.36995,3,,,
7,54,Kayle,0.0025131633654807816,62,Lee Sin,0.06931485725380143,147,Zoe,0.005812577141225,127,Varus,0.0059416405200429685,12,Blitzcrank,0.01915475364261051,70.0,Maokai,0.0037500790258682298,102.0,Shaco,0.010845159257805968,140.0,Yasuo,0.0153819410656454,73.0,Miss Fortune,0.037818808970132685,42.0,Janna,0.011857549168425857,3,2,0.34,0.5,0.85,,,,English,20,Male,2,"It's a well-done generator, overall, most drafts/picks were realistic and it was actually pretty enjoyable to do.",Chrome,Windows,864,1536,66.36995,3,,,
8,54,Kayle,0.0025131633654807816,62,Lee Sin,0.06931485725380143,147,Zoe,0.005812577141225,127,Varus,0.0059416405200429685,12,Blitzcrank,0.01915475364261051,70.0,Maokai,0.0037500790258682298,102.0,Shaco,0.010845159257805968,140.0,Yasuo,0.0153819410656454,73.0,Miss Fortune,0.037818808970132685,42.0,Janna,0.011857549168425857,3,2,0.34,0.5,0.85,0.58,0.54,0.43,English,20,Male,2,"It's a well-done generator, overall, most drafts/picks were realistic and it was actually pretty enjoyable to do.",Chrome,Windows,864,1536,66.36995,3,,,
9,74,Mordekaiser,0.012094809295690226,25,Elise,0.019472053339195255,113,Syndra,0.006565574216191781,49,Kalista,0.004300136427825036,13,Brand,0.005430300456492317,140.0,Yasuo,0.002045755580169183,62.0,Lee Sin,0.06931485725380143,21.0,Diana,0.011504191500929661,27.0,Ezreal,0.05810049251758237,119.0,Thresh,0.051567001421490906,2,3,,,,,,,English,20,Male,2,"It's a well-done generator, overall, most drafts/picks were realistic and it was actually pretty enjoyable to do.",Chrome,Windows,864,1536,66.36995,3,,,
10,74,Mordekaiser,0.012094809295690226,25,Elise,0.019472053339195255,113,Syndra,0.006565574216191781,49,Kalista,0.004300136427825036,13,Brand,0.005430300456492317,140.0,Yasuo,0.002045755580169183,62.0,Lee Sin,0.06931485725380143,21.0,Diana,0.011504191500929661,27.0,Ezreal,0.05810049251758237,119.0,Thresh,0.051567001421490906,2,3,0.62,0.64,0.52,,,,English,20,Male,2,"It's a well-done generator, overall, most drafts/picks were realistic and it was actually pretty enjoyable to do.",Chrome,Windows,864,1536,66.36995,3,,,
11,74,Mordekaiser,0.012094809295690226,25,Elise,0.019472053339195255,113,Syndra,0.006565574216191781,49,Kalista,0.004300136427825036,13,Brand,0.005430300456492317,140.0,Yasuo,0.002045755580169183,62.0,Lee Sin,0.06931485725380143,21.0,Diana,0.011504191500929661,27.0,Ezreal,0.05810049251758237,119.0,Thresh,0.051567001421490906,2,3,0.62,0.71,0.52,0.53,0.73,0.68,English,20,Male,2,"It's a well-done generator, overall, most drafts/picks were realistic and it was actually pretty enjoyable to do.",Chrome,Windows,864,1536,66.36995,3,,,
12,74,Mordekaiser,0.012094809295690226,36,Graves,0.010084253971242848,61,LeBlanc,0.008503413870595554,23,Draven,0.004270654648152867,130,Vel'Koz,0.0032493991281387392,77.0,Nasus,0.004153309610136628,72.0,Master Yi,0.016671090149709814,52.0,Kassadin,0.007447486422735779,65.0,Lucian,0.023872794447207205,12.0,Blitzcrank,0.01915475364261051,3,3,,,,,,,English,20,Male,2,"It's a well-done generator, overall, most drafts/picks were realistic and it was actually pretty enjoyable to do.",Chrome,Windows,864,1536,66.36995,3,,,
13,74,Mordekaiser,0.012094809295690226,36,Graves,0.010084253971242848,61,LeBlanc,0.008503413870595554,23,Draven,0.004270654648152867,130,Vel'Koz,0.0032493991281387392,77.0,Nasus,0.004153309610136628,72.0,Master Yi,0.016671090149709814,52.0,Kassadin,0.007447486422735779,65.0,Lucian,0.023872794447207205,12.0,Blitzcrank,0.01915475364261051,3,3,0.73,0.69,0.63,,,,English,20,Male,2,"It's a well-done generator, overall, most drafts/picks were realistic and it was actually pretty enjoyable to do.",Chrome,Windows,864,1536,66.36995,3,,,
14,74,Mordekaiser,0.012094809295690226,36,Graves,0.010084253971242848,61,LeBlanc,0.008503413870595554,23,Draven,0.004270654648152867,130,Vel'Koz,0.0032493991281387392,77.0,Nasus,0.004153309610136628,72.0,Master Yi,0.016671090149709814,52.0,Kassadin,0.007447486422735779,65.0,Lucian,0.023872794447207205,12.0,Blitzcrank,0.01915475364261051,3,3,0.73,0.69,0.63,0.33,0.39,0.8,English,20,Male,2,"It's a well-done generator, overall, most drafts/picks were realistic and it was actually pretty enjoyable to do.",Chrome,Windows,864,1536,66.36995,3,,,
15,94,Renekton,0.007344118295492124,62,Lee Sin,0.06931485725380143,112,Sylas,0.009561148921175204,27,Ezreal,0.05810049251758237,13,Brand,0.005430300456492317,32.0,Gangplank,0.0034140080780119377,143.0,Zac,0.022582715719356494,69.0,Malzahar,0.00290087495931168,8.0,Ashe,0.01096064977292873,66.0,Lulu,0.016540847583652266,4,4,,,,,,,English,20,Male,2,"It's a well-done generator, overall, most drafts/picks were realistic and it was actually pretty enjoyable to do.",Chrome,Windows,864,1536,66.36995,3,,,
16,94,Renekton,0.007344118295492124,62,Lee Sin,0.06931485725380143,112,Sylas,0.009561148921175204,27,Ezreal,0.05810049251758237,13,Brand,0.005430300456492317,32.0,Gangplank,0.0034140080780119377,143.0,Zac,0.022582715719356494,69.0,Malzahar,0.00290087495931168,8.0,Ashe,0.01096064977292873,66.0,Lulu,0.016540847583652266,4,4,0.74,0.74,0.67,,,,English,20,Male,2,"It's a well-done generator, overall, most drafts/picks were realistic and it was actually pretty enjoyable to do.",Chrome,Windows,864,1536,66.36995,3,,,
17,94,Renekton,0.007344118295492124,62,Lee Sin,0.06931485725380143,112,Sylas,0.009561148921175204,27,Ezreal,0.05810049251758237,13,Brand,0.005430300456492317,32.0,Gangplank,0.0034140080780119377,143.0,Zac,0.022582715719356494,69.0,Malzahar,0.00290087495931168,8.0,Ashe,0.01096064977292873,66.0,Lulu,0.016540847583652266,4,4,0.74,0.74,0.67,0.45,0.63,0.69,English,20,Male,2,"It's a well-done generator, overall, most drafts/picks were realistic and it was actually pretty enjoyable to do.",Chrome,Windows,864,1536,66.36995,3,,,
18,54,Kayle,0.0025131633654807816,71,Master Yi,0.016671090149709814,112,Sylas,0.009561148921175204,27,Ezreal,0.05810049251758237,13,Brand,0.005430300456492317,32.0,Gangplank,0.0034140080780119377,62.0,Lee Sin,0.06931485725380143,30.0,Fizz,0.007378528457548092,73.0,Miss Fortune,0.037818808970132685,110.0,Soraka,0.0071727593882277545,2,4,,,,,,,English,20,Male,2,"It's a well-done generator, overall, most drafts/picks were realistic and it was actually pretty enjoyable to do.",Chrome,Windows,864,1536,66.36995,3,,,
19,54,Kayle,0.0025131633654807816,71,Master Yi,0.016671090149709814,112,Sylas,0.009561148921175204,27,Ezreal,0.05810049251758237,13,Brand,0.005430300456492317,32.0,Gangplank,0.0034140080780119377,62.0,Lee Sin,0.06931485725380143,30.0,Fizz,0.007378528457548092,73.0,Miss Fortune,0.037818808970132685,110.0,Soraka,0.0071727593882277545,2,4,0.24,0.5,0.73,,,,English,20,Male,2,"It's a well-done generator, overall, most drafts/picks were realistic and it was actually pretty enjoyable to do.",Chrome,Windows,864,1536,66.36995,3,,,
20,54,Kayle,0.0025131633654807816,71,Master Yi,0.016671090149709814,112,Sylas,0.009561148921175204,27,Ezreal,0.05810049251758237,13,Brand,0.005430300456492317,32.0,Gangplank,0.0034140080780119377,62.0,Lee Sin,0.06931485725380143,30.0,Fizz,0.007378528457548092,73.0,Miss Fortune,0.037818808970132685,110.0,Soraka,0.0071727593882277545,2,4,0.24,0.5,0.73,0.64,0.69,0.56,English,20,Male,2,"It's a well-done generator, overall, most drafts/picks were realistic and it was actually pretty enjoyable to do.",Chrome,Windows,864,1536,66.36995,3,,,
21,40,Irelia,0.004963086161362913,71,Master Yi,0.016671090149709814,140,Yasuo,0.0153819410656454,128,Vayne,0.022346071560992952,100,Senna,0.043651558475035754,101.0,Sett,0.014122960051346539,41.0,Ivern,0.0010397391752819355,30.0,Fizz,0.007378528457548092,65.0,Lucian,0.023872794447207205,66.0,Lulu,0.016540847583652266,2,3,,,,,,,English,20,Male,2,"It's a well-done generator, overall, most drafts/picks were realistic and it was actually pretty enjoyable to do.",Chrome,Windows,864,1536,66.36995,3,,,
22,40,Irelia,0.004963086161362913,71,Master Yi,0.016671090149709814,140,Yasuo,0.0153819410656454,128,Vayne,0.022346071560992952,100,Senna,0.043651558475035754,101.0,Sett,0.014122960051346539,41.0,Ivern,0.0010397391752819355,30.0,Fizz,0.007378528457548092,65.0,Lucian,0.023872794447207205,66.0,Lulu,0.016540847583652266,1,3,0.3,0.58,0.63,,,,English,20,Male,2,"It's a well-done generator, overall, most drafts/picks were realistic and it was actually pretty enjoyable to do.",Chrome,Windows,864,1536,66.36995,3,,,
23,40,Irelia,0.004963086161362913,71,Master Yi,0.016671090149709814,140,Yasuo,0.0153819410656454,128,Vayne,0.022346071560992952,100,Senna,0.043651558475035754,101.0,Sett,0.014122960051346539,41.0,Ivern,0.0010397391752819355,30.0,Fizz,0.007378528457548092,65.0,Lucian,0.023872794447207205,66.0,Lulu,0.016540847583652266,1,3,0.3,0.58,0.63,0.48,0.68,0.68,English,20,Male,2,"It's a well-done generator, overall, most drafts/picks were realistic and it was actually pretty enjoyable to do.",Chrome,Windows,864,1536,66.36995,3,,,
24,34,Gnar,0.0023875183474684454,62,Lee Sin,0.06931485725380143,112,Sylas,0.009561148921175204,15,Caitlyn,0.03607300128808285,110,Soraka,0.0071727593882277545,20.0,Darius,0.014958875382451945,72.0,Master Yi,0.016671090149709814,79.0,Neeko,0.002045755580169183,128.0,Vayne,0.022346071560992952,66.0,Lulu,0.016540847583652266,3,3,,,,,,,English,20,Male,2,"It's a well-done generator, overall, most drafts/picks were realistic and it was actually pretty enjoyable to do.",Chrome,Windows,864,1536,66.36995,3,,,
25,34,Gnar,0.0023875183474684454,62,Lee Sin,0.06931485725380143,112,Sylas,0.009561148921175204,15,Caitlyn,0.03607300128808285,110,Soraka,0.0071727593882277545,20.0,Darius,0.014958875382451945,72.0,Master Yi,0.016671090149709814,79.0,Neeko,0.002045755580169183,128.0,Vayne,0.022346071560992952,66.0,Lulu,0.016540847583652266,3,3,0.67,0.7,0.69,,,,English,20,Male,2,"It's a well-done generator, overall, most drafts/picks were realistic and it was actually pretty enjoyable to do.",Chrome,Windows,864,1536,66.36995,3,,,
26,34,Gnar,0.0023875183474684454,62,Lee Sin,0.06931485725380143,112,Sylas,0.009561148921175204,15,Caitlyn,0.03607300128808285,110,Soraka,0.0071727593882277545,20.0,Darius,0.014958875382451945,72.0,Master Yi,0.016671090149709814,79.0,Neeko,0.002045755580169183,128.0,Vayne,0.022346071560992952,66.0,Lulu,0.016540847583652266,3,3,0.67,0.7,0.69,0.68,0.6,0.75,English,20,Male,2,"It's a well-done generator, overall, most drafts/picks were realistic and it was actually pretty enjoyable to do.",Chrome,Windows,864,1536,66.36995,3,,,
27,101,Sett,0.014122960051346539,72,Master Yi,0.016671090149709814,31,Galio,0.0012209821906265105,120,Tristana,0.006006474943430214,142,Yuumi,0.028316690091815016,85.0,Ornn,0.010046626179340507,139.0,Xin Zhao,0.003087139299923574,17.0,Cassiopeia,0.004478236368706307,15.0,Caitlyn,0.03607300128808285,12.0,Blitzcrank,0.01915475364261051,3,3,,,,,,,English,20,Male,2,"It's a well-done generator, overall, most drafts/picks were realistic and it was actually pretty enjoyable to do.",Chrome,Windows,864,1536,66.36995,3,,,
28,101,Sett,0.014122960051346539,72,Master Yi,0.016671090149709814,31,Galio,0.0012209821906265105,120,Tristana,0.006006474943430214,142,Yuumi,0.028316690091815016,85.0,Ornn,0.010046626179340507,139.0,Xin Zhao,0.003087139299923574,17.0,Cassiopeia,0.004478236368706307,15.0,Caitlyn,0.03607300128808285,12.0,Blitzcrank,0.01915475364261051,3,3,0.63,0.67,0.74,,,,English,20,Male,2,"It's a well-done generator, overall, most drafts/picks were realistic and it was actually pretty enjoyable to do.",Chrome,Windows,864,1536,66.36995,3,,,
29,101,Sett,0.014122960051346539,72,Master Yi,0.016671090149709814,31,Galio,0.0012209821906265105,120,Tristana,0.006006474943430214,142,Yuumi,0.028316690091815016,85.0,Ornn,0.010046626179340507,139.0,Xin Zhao,0.003087139299923574,17.0,Cassiopeia,0.004478236368706307,15.0,Caitlyn,0.03607300128808285,12.0,Blitzcrank,0.01915475364261051,3,3,0.63,0.67,0.74,0.53,0.7,0.72,English,20,Male,2,"It's a well-done generator, overall, most drafts/picks were realistic and it was actually pretty enjoyable to do.",Chrome,Windows,864,1536,66.36995,3,,,
30,33,Garen,0.019608493880910526,4,Amumu,0.006833538979887966,67,Lux,0.005367314717896645,47,Jinx,0.012734010883548641,11,Bard,0.009821706366220356,59.0,Kled,0.002717967558082449,44.0,Jax,0.004810045484646078,6.0,Annie,0.0011596474618843133,15.0,Caitlyn,0.03607300128808285,88.0,Pyke,0.01892902550967413,4,4,,,,,,,English,20,Male,2,"It's a well-done generator, overall, most drafts/picks were realistic and it was actually pretty enjoyable to do.",Chrome,Windows,864,1536,66.36995,3,,,
31,33,Garen,0.019608493880910526,4,Amumu,0.006833538979887966,67,Lux,0.005367314717896645,47,Jinx,0.012734010883548641,11,Bard,0.009821706366220356,59.0,Kled,0.002717967558082449,44.0,Jax,0.004810045484646078,6.0,Annie,0.0011596474618843133,15.0,Caitlyn,0.03607300128808285,88.0,Pyke,0.01892902550967413,4,4,0.56,0.7,0.7,,,,English,20,Male,2,"It's a well-done generator, overall, most drafts/picks were realistic and it was actually pretty enjoyable to do.",Chrome,Windows,864,1536,66.36995,3,,,
32,33,Garen,0.019608493880910526,4,Amumu,0.006833538979887966,67,Lux,0.005367314717896645,47,Jinx,0.012734010883548641,11,Bard,0.009821706366220356,59.0,Kled,0.002717967558082449,44.0,Jax,0.004810045484646078,6.0,Annie,0.0011596474618843133,15.0,Caitlyn,0.03607300128808285,88.0,Pyke,0.01892902550967413,4,4,0.56,0.7,0.7,0.57,0.71,0.71,English,20,Male,2,"It's a well-done generator, overall, most drafts/picks were realistic and it was actually pretty enjoyable to do.",Chrome,Windows,864,1536,66.36995,3,,,
33,103,Shen,0.00710454046233914,99,Sejuani,0.008076254009346476,61,LeBlanc,0.008503413870595554,23,Draven,0.004270654648152867,63,Leona,0.02145336205275989,16.0,Camille,0.003114017295605776,43.0,Jarvan IV,0.019745206217341695,31.0,Galio,0.0012209821906265105,15.0,Caitlyn,0.03607300128808285,100.0,Senna,0.043651558475035754,4,4,,,,,,,English,20,Male,2,"It's a well-done generator, overall, most drafts/picks were realistic and it was actually pretty enjoyable to do.",Chrome,Windows,864,1536,66.36995,3,,,
34,103,Shen,0.00710454046233914,99,Sejuani,0.008076254009346476,61,LeBlanc,0.008503413870595554,23,Draven,0.004270654648152867,63,Leona,0.02145336205275989,16.0,Camille,0.003114017295605776,43.0,Jarvan IV,0.019745206217341695,31.0,Galio,0.0012209821906265105,15.0,Caitlyn,0.03607300128808285,100.0,Senna,0.043651558475035754,4,4,0.66,0.72,0.8,,,,English,20,Male,2,"It's a well-done generator, overall, most drafts/picks were realistic and it was actually pretty enjoyable to do.",Chrome,Windows,864,1536,66.36995,3,,,
35,103,Shen,0.00710454046233914,99,Sejuani,0.008076254009346476,61,LeBlanc,0.008503413870595554,23,Draven,0.004270654648152867,63,Leona,0.02145336205275989,16.0,Camille,0.003114017295605776,43.0,Jarvan IV,0.019745206217341695,31.0,Galio,0.0012209821906265105,15.0,Caitlyn,0.03607300128808285,100.0,Senna,0.043651558475035754,4,4,0.66,0.73,0.8,0.6,0.76,0.72,English,20,Male,2,"It's a well-done generator, overall, most drafts/picks were realistic and it was actually pretty enjoyable to do.",Chrome,Windows,864,1536,66.36995,3,,,
36,74,Mordekaiser,0.012094809295690226,43,Jarvan IV,0.019745206217341695,140,Yasuo,0.0153819410656454,73,Miss Fortune,0.037818808970132685,87,Poppy,0.00045488058346628934,33.0,Garen,0.019608493880910526,25.0,Elise,0.019472053339195255,61.0,LeBlanc,0.008503413870595554,48.0,Kai'Sa,0.03355216732648984,119.0,Thresh,0.051567001421490906,4,4,,,,,,,English,20,Male,2,"It's a well-done generator, overall, most drafts/picks were realistic and it was actually pretty enjoyable to do.",Chrome,Windows,864,1536,66.36995,3,,,
37,74,Mordekaiser,0.012094809295690226,43,Jarvan IV,0.019745206217341695,140,Yasuo,0.0153819410656454,73,Miss Fortune,0.037818808970132685,87,Poppy,0.00045488058346628934,33.0,Garen,0.019608493880910526,25.0,Elise,0.019472053339195255,61.0,LeBlanc,0.008503413870595554,48.0,Kai'Sa,0.03355216732648984,119.0,Thresh,0.051567001421490906,4,4,0.68,0.75,0.41,,,,English,20,Male,2,"It's a well-done generator, overall, most drafts/picks were realistic and it was actually pretty enjoyable to do.",Chrome,Windows,864,1536,66.36995,3,,,
38,74,Mordekaiser,0.012094809295690226,43,Jarvan IV,0.019745206217341695,140,Yasuo,0.0153819410656454,73,Miss Fortune,0.037818808970132685,87,Poppy,0.00045488058346628934,33.0,Garen,0.019608493880910526,25.0,Elise,0.019472053339195255,61.0,LeBlanc,0.008503413870595554,48.0,Kai'Sa,0.03355216732648984,119.0,Thresh,0.051567001421490906,4,4,0.68,0.75,0.41,0.59,0.77,0.77,English,20,Male,2,"It's a well-done generator, overall, most drafts/picks were realistic and it was actually pretty enjoyable to do.",Chrome,Windows,864,1536,66.36995,3,,,
39,68,Malphite,0.004871097340285659,55,Kayn,0.014874667910108894,140,Yasuo,0.0153819410656454,65,Lucian,0.023872794447207205,142,Yuumi,0.028316690091815016,103.0,Shen,0.00710454046233914,57.0,Kha'Zix,0.013057112879471531,112.0,Sylas,0.009561148921175204,128.0,Vayne,0.022346071560992952,78.0,Nautilus,0.023872794447207205,3,3,,,,,,,English,20,Male,2,"It's a well-done generator, overall, most drafts/picks were realistic and it was actually pretty enjoyable to do.",Chrome,Windows,864,1536,66.36995,3,,,
40,68,Malphite,0.004871097340285659,55,Kayn,0.014874667910108894,140,Yasuo,0.0153819410656454,65,Lucian,0.023872794447207205,142,Yuumi,0.028316690091815016,103.0,Shen,0.00710454046233914,57.0,Kha'Zix,0.013057112879471531,112.0,Sylas,0.009561148921175204,128.0,Vayne,0.022346071560992952,78.0,Nautilus,0.023872794447207205,3,3,0.7,0.77,0.56,,,,English,20,Male,2,"It's a well-done generator, overall, most drafts/picks were realistic and it was actually pretty enjoyable to do.",Chrome,Windows,864,1536,66.36995,3,,,
41,68,Malphite,0.004871097340285659,55,Kayn,0.014874667910108894,140,Yasuo,0.0153819410656454,65,Lucian,0.023872794447207205,142,Yuumi,0.028316690091815016,103.0,Shen,0.00710454046233914,57.0,Kha'Zix,0.013057112879471531,112.0,Sylas,0.009561148921175204,128.0,Vayne,0.022346071560992952,78.0,Nautilus,0.023872794447207205,3,3,0.7,0.77,0.56,0.57,0.71,0.88,English,20,Male,2,"It's a well-done generator, overall, most drafts/picks were realistic and it was actually pretty enjoyable to do.",Chrome,Windows,864,1536,66.36995,3,,,
42,33,Garen,0.019608493880910526,80,Nidalee,0.005148529184013345,30,Fizz,0.007378528457548092,48,Kai'Sa,0.03355216732648984,75,Morgana,0.015169986838869621,94.0,Renekton,0.007344118295492124,55.0,Kayn,0.014874667910108894,21.0,Diana,0.011504191500929661,27.0,Ezreal,0.05810049251758237,102.0,Shaco,0.0012832102846842615,4,1,,,,,,,English,20,Male,2,"It's a well-done generator, overall, most drafts/picks were realistic and it was actually pretty enjoyable to do.",Chrome,Windows,864,1536,66.36995,3,,,
43,33,Garen,0.019608493880910526,80,Nidalee,0.005148529184013345,30,Fizz,0.007378528457548092,48,Kai'Sa,0.03355216732648984,75,Morgana,0.015169986838869621,94.0,Renekton,0.007344118295492124,55.0,Kayn,0.014874667910108894,21.0,Diana,0.011504191500929661,27.0,Ezreal,0.05810049251758237,102.0,Shaco,0.0012832102846842615,4,1,0.76,0.81,0.87,,,,English,20,Male,2,"It's a well-done generator, overall, most drafts/picks were realistic and it was actually pretty enjoyable to do.",Chrome,Windows,864,1536,66.36995,3,,,
44,33,Garen,0.019608493880910526,80,Nidalee,0.005148529184013345,30,Fizz,0.007378528457548092,48,Kai'Sa,0.03355216732648984,75,Morgana,0.015169986838869621,94.0,Renekton,0.007344118295492124,55.0,Kayn,0.014874667910108894,21.0,Diana,0.011504191500929661,27.0,Ezreal,0.05810049251758237,102.0,Shaco,0.0012832102846842615,4,1,0.76,0.81,0.87,0.71,0.67,0.44,English,20,Male,2,"It's a well-done generator, overall, most drafts/picks were realistic and it was actually pretty enjoyable to do.",Chrome,Windows,864,1536,66.36995,3,,,
45,29,Fiora,0.0081470094558141,25,Elise,0.019472053339195255,84,Orianna,0.0046886047952157985,27,Ezreal,0.05810049251758237,119,Thresh,0.051567001421490906,20.0,Darius,0.014958875382451945,24.0,Ekko,0.0207097357357504,132.0,Viktor,0.003006906485097801,65.0,Lucian,0.023872794447207205,66.0,Lulu,0.016540847583652266,4,4,,,,,,,English,20,Male,2,"It's a well-done generator, overall, most drafts/picks were realistic and it was actually pretty enjoyable to do.",Chrome,Windows,864,1536,66.36995,3,,,
46,29,Fiora,0.0081470094558141,25,Elise,0.019472053339195255,84,Orianna,0.0046886047952157985,27,Ezreal,0.05810049251758237,119,Thresh,0.051567001421490906,20.0,Darius,0.014958875382451945,24.0,Ekko,0.0207097357357504,132.0,Viktor,0.003006906485097801,65.0,Lucian,0.023872794447207205,66.0,Lulu,0.016540847583652266,4,4,0.67,0.8,0.73,,,,English,20,Male,2,"It's a well-done generator, overall, most drafts/picks were realistic and it was actually pretty enjoyable to do.",Chrome,Windows,864,1536,66.36995,3,,,
47,29,Fiora,0.0081470094558141,25,Elise,0.019472053339195255,84,Orianna,0.0046886047952157985,27,Ezreal,0.05810049251758237,119,Thresh,0.051567001421490906,20.0,Darius,0.014958875382451945,24.0,Ekko,0.0207097357357504,132.0,Viktor,0.003006906485097801,65.0,Lucian,0.023872794447207205,66.0,Lulu,0.016540847583652266,4,4,0.67,0.8,0.73,0.79,0.9,0.84,English,20,Male,2,"It's a well-done generator, overall, most drafts/picks were realistic and it was actually pretty enjoyable to do.",Chrome,Windows,864,1536,66.36995,3,,,
48,68,Malphite,0.004871097340285659,143,Zac,0.022582715719356494,144,Zed,0.010999224187051845,145,Ziggs,0.0003644980943385056,119,Thresh,0.051567001421490906,94.0,Renekton,0.007344118295492124,83.0,Olaf,0.01146511857394008,79.0,Neeko,0.002045755580169183,73.0,Miss Fortune,0.037818808970132685,100.0,Senna,0.043651558475035754,2,4,,,,,,,English,20,Male,2,"It's a well-done generator, overall, most drafts/picks were realistic and it was actually pretty enjoyable to do.",Chrome,Windows,864,1536,66.36995,3,,,
49,68,Malphite,0.004871097340285659,143,Zac,0.022582715719356494,144,Zed,0.010999224187051845,145,Ziggs,0.0003644980943385056,119,Thresh,0.051567001421490906,94.0,Renekton,0.007344118295492124,83.0,Olaf,0.01146511857394008,79.0,Neeko,0.002045755580169183,73.0,Miss Fortune,0.037818808970132685,100.0,Senna,0.043651558475035754,2,4,0.34,0.54,0.43,,,,English,20,Male,2,"It's a well-done generator, overall, most drafts/picks were realistic and it was actually pretty enjoyable to do.",Chrome,Windows,864,1536,66.36995,3,,,
50,68,Malphite,0.004871097340285659,143,Zac,0.022582715719356494,144,Zed,0.010999224187051845,145,Ziggs,0.0003644980943385056,119,Thresh,0.051567001421490906,94.0,Renekton,0.007344118295492124,83.0,Olaf,0.01146511857394008,79.0,Neeko,0.002045755580169183,73.0,Miss Fortune,0.037818808970132685,100.0,Senna,0.043651558475035754,2,4,0.34,0.54,0.43,0.7,0.76,0.83,English,20,Male,2,"It's a well-done generator, overall, most drafts/picks were realistic and it was actually pretty enjoyable to do.",Chrome,Windows,864,1536,66.36995,3,,,
51,20,Darius,0.014958875382451945,80,Nidalee,0.005148529184013345,138,Xerath,0.002117713260336592,48,Kai'Sa,0.03355216732648984,50,Karma,0.006833538979887966,140.0,Yasuo,0.002045755580169183,99.0,Sejuani,0.008076254009346476,116.0,Talon,0.004901705622693233,65.0,Lucian,0.023872794447207205,88.0,Pyke,0.01892902550967413,4,1,,,,,,,English,20,Male,2,"It's a well-done generator, overall, most drafts/picks were realistic and it was actually pretty enjoyable to do.",Chrome,Windows,864,1536,66.36995,3,,,
52,20,Darius,0.014958875382451945,80,Nidalee,0.005148529184013345,138,Xerath,0.002117713260336592,48,Kai'Sa,0.03355216732648984,50,Karma,0.006833538979887966,140.0,Yasuo,0.002045755580169183,99.0,Sejuani,0.008076254009346476,116.0,Talon,0.004901705622693233,65.0,Lucian,0.023872794447207205,88.0,Pyke,0.01892902550967413,4,1,0.71,0.79,0.85,,,,English,20,Male,2,"It's a well-done generator, overall, most drafts/picks were realistic and it was actually pretty enjoyable to do.",Chrome,Windows,864,1536,66.36995,3,,,
53,20,Darius,0.014958875382451945,80,Nidalee,0.005148529184013345,138,Xerath,0.002117713260336592,48,Kai'Sa,0.03355216732648984,50,Karma,0.006833538979887966,140.0,Yasuo,0.002045755580169183,99.0,Sejuani,0.008076254009346476,116.0,Talon,0.004901705622693233,65.0,Lucian,0.023872794447207205,88.0,Pyke,0.01892902550967413,4,1,0.71,0.79,0.85,0.47,0.54,0.39,English,20,Male,2,"It's a well-done generator, overall, most drafts/picks were realistic and it was actually pretty enjoyable to do.",Chrome,Windows,864,1536,66.36995,3,,,
54,0,Aatrox,0.008396035324805368,143,Zac,0.022582715719356494,147,Zoe,0.005812577141225,65,Lucian,0.023872794447207205,100,Senna,0.043651558475035754,20.0,Darius,0.014958875382451945,24.0,Ekko,0.0207097357357504,64.0,Lissandra,0.0019274227309047014,120.0,Tristana,0.006006474943430214,12.0,Blitzcrank,0.01915475364261051,4,4,,,,,,,English,20,Male,2,"It's a well-done generator, overall, most drafts/picks were realistic and it was actually pretty enjoyable to do.",Chrome,Windows,864,1536,66.36995,3,,,
55,0,Aatrox,0.008396035324805368,143,Zac,0.022582715719356494,147,Zoe,0.005812577141225,65,Lucian,0.023872794447207205,100,Senna,0.043651558475035754,20.0,Darius,0.014958875382451945,24.0,Ekko,0.0207097357357504,64.0,Lissandra,0.0019274227309047014,120.0,Tristana,0.006006474943430214,12.0,Blitzcrank,0.01915475364261051,4,4,0.56,0.77,0.65,,,,English,20,Male,2,"It's a well-done generator, overall, most drafts/picks were realistic and it was actually pretty enjoyable to do.",Chrome,Windows,864,1536,66.36995,3,,,
56,0,Aatrox,0.008396035324805368,143,Zac,0.022582715719356494,147,Zoe,0.005812577141225,65,Lucian,0.023872794447207205,100,Senna,0.043651558475035754,20.0,Darius,0.014958875382451945,24.0,Ekko,0.0207097357357504,64.0,Lissandra,0.0019274227309047014,120.0,Tristana,0.006006474943430214,12.0,Blitzcrank,0.01915475364261051,4,4,0.56,0.77,0.65,0.5,0.82,0.75,English,20,Male,2,"It's a well-done generator, overall, most drafts/picks were realistic and it was actually pretty enjoyable to do.",Chrome,Windows,864,1536,66.36995,3,,,
57,85,Ornn,0.010046626179340507,104,Shyvana,0.006071509938783549,130,Vel'Koz,0.0023626114118430884,27,Ezreal,0.05810049251758237,76,Nami,0.02187492808975514,74.0,Mordekaiser,0.012094809295690226,51.0,Karthus,0.005844767006095144,133.0,Vladimir,0.006234968896018543,15.0,Caitlyn,0.03607300128808285,88.0,Pyke,0.01892902550967413,4,3,,,,,,,English,20,Male,2,"It's a well-done generator, overall, most drafts/picks were realistic and it was actually pretty enjoyable to do.",Chrome,Windows,864,1536,66.36995,3,,,
58,85,Ornn,0.010046626179340507,104,Shyvana,0.006071509938783549,130,Vel'Koz,0.0023626114118430884,27,Ezreal,0.05810049251758237,76,Nami,0.02187492808975514,74.0,Mordekaiser,0.012094809295690226,51.0,Karthus,0.005844767006095144,133.0,Vladimir,0.006234968896018543,15.0,Caitlyn,0.03607300128808285,88.0,Pyke,0.01892902550967413,4,3,0.72,0.67,0.87,,,,English,20,Male,2,"It's a well-done generator, overall, most drafts/picks were realistic and it was actually pretty enjoyable to do.",Chrome,Windows,864,1536,66.36995,3,,,
59,85,Ornn,0.010046626179340507,104,Shyvana,0.006071509938783549,130,Vel'Koz,0.0023626114118430884,27,Ezreal,0.05810049251758237,76,Nami,0.02187492808975514,74.0,Mordekaiser,0.012094809295690226,51.0,Karthus,0.005844767006095144,133.0,Vladimir,0.006234968896018543,15.0,Caitlyn,0.03607300128808285,88.0,Pyke,0.01892902550967413,4,3,0.72,0.67,0.87,0.34,0.59,0.78,English,20,Male,2,"It's a well-done generator, overall, most drafts/picks were realistic and it was actually pretty enjoyable to do.",Chrome,Windows,864,1536,66.36995,3,,,
0,68,Malphite,0.010422354373574628,72,Master Yi,0.02992052040054479,24,Ekko,0.011269180846884594,73,Miss Fortune,0.060379907127460795,66,Lulu,0.029720048131977025,,,,,,,,,,,,,,,,4,,,,,,,,None,woot,Other,2,jefftest,Chrome,Windows,1080,1920,2.75215,4,,,
1,68,Malphite,0.010422354373574628,72,Master Yi,0.02992052040054479,24,Ekko,0.011269180846884594,73,Miss Fortune,0.060379907127460795,66,Lulu,0.029720048131977025,,,,,,,,,,,,,,,,4,,0.97,,0.98,,,,None,woot,Other,2,jefftest,Chrome,Windows,1080,1920,2.75215,4,0.98,,
2,68,Malphite,0.010422354373574628,72,Master Yi,0.02992052040054479,24,Ekko,0.011269180846884594,73,Miss Fortune,0.060379907127460795,66,Lulu,0.029720048131977025,,,,,,,,,,,,,,,,4,,0.97,,0.98,,,,None,woot,Other,2,jefftest,Chrome,Windows,1080,1920,2.75215,4,0.98,False,False
3,0,Aatrox,0.016620155299698514,43,Jarvan IV,0.034591321119189805,2,Akali,0.004561016330394492,15,Caitlyn,0.057982788136216094,53,Katarina,0.002506170971036469,,,,,,,,,,,,,,,,1,,,,,,,,None,woot,Other,2,jefftest,Chrome,Windows,1080,1920,2.75215,4,,,
4,0,Aatrox,0.016620155299698514,43,Jarvan IV,0.034591321119189805,2,Akali,0.004561016330394492,15,Caitlyn,0.057982788136216094,53,Katarina,0.002506170971036469,,,,,,,,,,,,,,,,1,,0.03,,0.03,,,,None,woot,Other,2,jefftest,Chrome,Windows,1080,1920,2.75215,4,0.03,,
5,0,Aatrox,0.016620155299698514,43,Jarvan IV,0.034591321119189805,2,Akali,0.004561016330394492,15,Caitlyn,0.057982788136216094,53,Katarina,0.002506170971036469,,,,,,,,,,,,,,,,1,,0.03,,0.03,,,,None,woot,Other,2,jefftest,Chrome,Windows,1080,1920,2.75215,4,0.03,True,True
6,133,Vladimir,0.009201005046578604,71,Master Yi,0.02992052040054479,98,Ryze,0.005961473843843985,7,Aphelios,0.029853671359561906,76,Nami,0.03776566312739702,,,,,,,,,,,,,,,,2,,,,,,,,None,woot,Other,2,jefftest,Chrome,Windows,1080,1920,2.75215,4,,,
7,133,Vladimir,0.009201005046578604,71,Master Yi,0.02992052040054479,98,Ryze,0.005961473843843985,7,Aphelios,0.029853671359561906,76,Nami,0.03776566312739702,,,,,,,,,,,,,,,,2,,0.02,,0.5,,,,None,woot,Other,2,jefftest,Chrome,Windows,1080,1920,2.75215,4,0.9,,
8,133,Vladimir,0.009201005046578604,71,Master Yi,0.02992052040054479,98,Ryze,0.005961473843843985,7,Aphelios,0.029853671359561906,76,Nami,0.03776566312739702,,,,,,,,,,,,,,,,2,,0.02,,0.5,,,,None,woot,Other,2,jefftest,Chrome,Windows,1080,1920,2.75215,4,0.9,True,False
9,77,Nasus,0.009091251907285316,139,Xin Zhao,0.007050031399133591,30,Fizz,0.014878032589238496,128,Vayne,0.03846179841528128,111,Swain,0.008600116237902548,,,,,,,,,,,,,,,,3,,,,,,,,None,woot,Other,2,jefftest,Chrome,Windows,1080,1920,2.75215,4,,,
10,77,Nasus,0.009091251907285316,139,Xin Zhao,0.007050031399133591,30,Fizz,0.014878032589238496,128,Vayne,0.03846179841528128,111,Swain,0.008600116237902548,,,,,,,,,,,,,,,,3,,0.95,,0.47,,,,None,woot,Other,2,jefftest,Chrome,Windows,1080,1920,2.75215,4,0.03,,
11,77,Nasus,0.009091251907285316,139,Xin Zhao,0.007050031399133591,30,Fizz,0.014878032589238496,128,Vayne,0.03846179841528128,111,Swain,0.008600116237902548,,,,,,,,,,,,,,,,3,,0.95,,0.47,,,,None,woot,Other,2,jefftest,Chrome,Windows,1080,1920,2.75215,4,0.03,False,True
12,20,Darius,0.02726639151974206,95,Rengar,0.015355390302745325,140,Yasuo,0.02792605256795564,7,Aphelios,0.029853671359561906,119,Thresh,0.07876236582915318,,,,,,,,,,,,,,,,2,,,,,,,,None,woot,Other,2,jefftest,Chrome,Windows,1080,1920,2.75215,4,,,
13,20,Darius,0.02726639151974206,95,Rengar,0.015355390302745325,140,Yasuo,0.02792605256795564,7,Aphelios,0.029853671359561906,119,Thresh,0.07876236582915318,,,,,,,,,,,,,,,,2,,0.25,,0.26,,,,None,woot,Other,2,jefftest,Chrome,Windows,1080,1920,2.75215,4,0.26,,
14,20,Darius,0.02726639151974206,95,Rengar,0.015355390302745325,140,Yasuo,0.02792605256795564,7,Aphelios,0.029853671359561906,119,Thresh,0.07876236582915318,,,,,,,,,,,,,,,,2,,0.25,,0.26,,,,None,woot,Other,2,jefftest,Chrome,Windows,1080,1920,2.75215,4,0.26,True,True
15,103,Shen,0.014403214276691953,36,Graves,0.019446324175062153,116,Talon,0.010478463911677532,47,Jinx,0.02375114064926577,119,Thresh,0.07876236582915318,,,,,,,,,,,,,,,,2,,,,,,,,None,woot,Other,2,jefftest,Chrome,Windows,1080,1920,2.75215,4,,,
16,103,Shen,0.014403214276691953,36,Graves,0.019446324175062153,116,Talon,0.010478463911677532,47,Jinx,0.02375114064926577,119,Thresh,0.07876236582915318,,,,,,,,,,,,,,,,2,,0.25,,0.25,,,,None,woot,Other,2,jefftest,Chrome,Windows,1080,1920,2.75215,4,0.27,,
17,103,Shen,0.014403214276691953,36,Graves,0.019446324175062153,116,Talon,0.010478463911677532,47,Jinx,0.02375114064926577,119,Thresh,0.07876236582915318,,,,,,,,,,,,,,,,2,,0.25,,0.25,,,,None,woot,Other,2,jefftest,Chrome,Windows,1080,1920,2.75215,4,0.27,True,True
18,118,Teemo,0.007419440187426814,28,Fiddlesticks,0.0020706828772507654,1,Ahri,0.01469967521281026,128,Vayne,0.03846179841528128,109,Sona,0.00870886331622165,,,,,,,,,,,,,,,,2,,,,,,,,None,woot,Other,2,jefftest,Chrome,Windows,1080,1920,2.75215,4,,,
19,118,Teemo,0.007419440187426814,28,Fiddlesticks,0.0020706828772507654,1,Ahri,0.01469967521281026,128,Vayne,0.03846179841528128,109,Sona,0.00870886331622165,,,,,,,,,,,,,,,,2,,0.24,,0.24,,,,None,woot,Other,2,jefftest,Chrome,Windows,1080,1920,2.75215,4,0.25,,
20,118,Teemo,0.007419440187426814,28,Fiddlesticks,0.0020706828772507654,1,Ahri,0.01469967521281026,128,Vayne,0.03846179841528128,109,Sona,0.00870886331622165,,,,,,,,,,,,,,,,2,,0.24,,0.24,,,,None,woot,Other,2,jefftest,Chrome,Windows,1080,1920,2.75215,4,0.25,True,True
21,79,Neeko,0.0010908742752760963,131,Vi,0.011382914926940699,31,Galio,0.0031834183171867373,47,Jinx,0.02375114064926577,86,Pantheon,0.0030002159084781418,,,,,,,,,,,,,,,,2,,,,,,,,None,woot,Other,2,jefftest,Chrome,Windows,1080,1920,2.75215,4,,,
22,79,Neeko,0.0010908742752760963,131,Vi,0.011382914926940699,31,Galio,0.0031834183171867373,47,Jinx,0.02375114064926577,86,Pantheon,0.0030002159084781418,,,,,,,,,,,,,,,,2,,0.27,,0.27,,,,None,woot,Other,2,jefftest,Chrome,Windows,1080,1920,2.75215,4,0.27,,
23,79,Neeko,0.0010908742752760963,131,Vi,0.011382914926940699,31,Galio,0.0031834183171867373,47,Jinx,0.02375114064926577,86,Pantheon,0.0030002159084781418,,,,,,,,,,,,,,,,2,,0.27,,0.27,,,,None,woot,Other,2,jefftest,Chrome,Windows,1080,1920,2.75215,4,0.27,True,True
24,103,Shen,0.014403214276691953,57,Kha'Zix,0.024266763089958374,89,Qiyana,0.008491597863776502,73,Miss Fortune,0.060379907127460795,119,Thresh,0.07876236582915318,,,,,,,,,,,,,,,,2,,,,,,,,None,woot,Other,2,jefftest,Chrome,Windows,1080,1920,2.75215,4,,,
25,103,Shen,0.014403214276691953,57,Kha'Zix,0.024266763089958374,89,Qiyana,0.008491597863776502,73,Miss Fortune,0.060379907127460795,119,Thresh,0.07876236582915318,,,,,,,,,,,,,,,,2,,0.25,,0.25,,,,None,woot,Other,2,jefftest,Chrome,Windows,1080,1920,2.75215,4,0.25,,
26,103,Shen,0.014403214276691953,57,Kha'Zix,0.024266763089958374,89,Qiyana,0.008491597863776502,73,Miss Fortune,0.060379907127460795,119,Thresh,0.07876236582915318,,,,,,,,,,,,,,,,2,,0.25,,0.25,,,,None,woot,Other,2,jefftest,Chrome,Windows,1080,1920,2.75215,4,0.25,True,True
27,16,Camille,0.007102610800882558,72,Master Yi,0.02992052040054479,98,Ryze,0.005961473843843985,46,Jhin,0.03707166002717207,76,Nami,0.03776566312739702,,,,,,,,,,,,,,,,2,,,,,,,,None,woot,Other,2,jefftest,Chrome,Windows,1080,1920,2.75215,4,,,
28,16,Camille,0.007102610800882558,72,Master Yi,0.02992052040054479,98,Ryze,0.005961473843843985,46,Jhin,0.03707166002717207,76,Nami,0.03776566312739702,,,,,,,,,,,,,,,,2,,0.3,,0.28,,,,None,woot,Other,2,jefftest,Chrome,Windows,1080,1920,2.75215,4,0.31,,
29,16,Camille,0.007102610800882558,72,Master Yi,0.02992052040054479,98,Ryze,0.005961473843843985,46,Jhin,0.03707166002717207,76,Nami,0.03776566312739702,,,,,,,,,,,,,,,,2,,0.3,,0.28,,,,None,woot,Other,2,jefftest,Chrome,Windows,1080,1920,2.75215,4,0.31,True,True
30,103,Shen,0.014403214276691953,112,Sylas,0.005757668943541827,79,Neeko,0.004954701500800043,65,Lucian,0.04070346342310664,12,Blitzcrank,0.033702772749535065,,,,,,,,,,,,,,,,2,,,,,,,,None,woot,Other,2,jefftest,Chrome,Windows,1080,1920,2.75215,4,,,
31,103,Shen,0.014403214276691953,112,Sylas,0.005757668943541827,79,Neeko,0.004954701500800043,65,Lucian,0.04070346342310664,12,Blitzcrank,0.033702772749535065,,,,,,,,,,,,,,,,2,,0.23,,0.25,,,,None,woot,Other,2,jefftest,Chrome,Windows,1080,1920,2.75215,4,0.23,,
32,103,Shen,0.014403214276691953,112,Sylas,0.005757668943541827,79,Neeko,0.004954701500800043,65,Lucian,0.04070346342310664,12,Blitzcrank,0.033702772749535065,,,,,,,,,,,,,,,,2,,0.23,,0.25,,,,None,woot,Other,2,jefftest,Chrome,Windows,1080,1920,2.75215,4,0.23,True,True
33,34,Gnar,0.005656213031355623,55,Kayn,0.027134775870649646,147,Zoe,0.012126755611992538,15,Caitlyn,0.057982788136216094,42,Janna,0.022342847177356975,,,,,,,,,,,,,,,,2,,,,,,,,None,woot,Other,2,jefftest,Chrome,Windows,1080,1920,2.75215,4,,,
34,34,Gnar,0.005656213031355623,55,Kayn,0.027134775870649646,147,Zoe,0.012126755611992538,15,Caitlyn,0.057982788136216094,42,Janna,0.022342847177356975,,,,,,,,,,,,,,,,2,,0.19,,0.22,,,,None,woot,Other,2,jefftest,Chrome,Windows,1080,1920,2.75215,4,0.19,,
35,34,Gnar,0.005656213031355623,55,Kayn,0.027134775870649646,147,Zoe,0.012126755611992538,15,Caitlyn,0.057982788136216094,42,Janna,0.022342847177356975,,,,,,,,,,,,,,,,2,,0.19,,0.22,,,,None,woot,Other,2,jefftest,Chrome,Windows,1080,1920,2.75215,4,0.19,True,True
36,112,Sylas,0.006320927392702118,43,Jarvan IV,0.034591321119189805,53,Katarina,0.019135599327133476,107,Sivir,0.007952505951017487,76,Nami,0.03776566312739702,,,,,,,,,,,,,,,,2,,,,,,,,None,woot,Other,2,jefftest,Chrome,Windows,1080,1920,2.75215,4,,,
37,112,Sylas,0.006320927392702118,43,Jarvan IV,0.034591321119189805,53,Katarina,0.019135599327133476,107,Sivir,0.007952505951017487,76,Nami,0.03776566312739702,,,,,,,,,,,,,,,,2,,0.29,,0.26,,,,None,woot,Other,2,jefftest,Chrome,Windows,1080,1920,2.75215,4,0.28,,
38,112,Sylas,0.006320927392702118,43,Jarvan IV,0.034591321119189805,53,Katarina,0.019135599327133476,107,Sivir,0.007952505951017487,76,Nami,0.03776566312739702,,,,,,,,,,,,,,,,2,,0.29,,0.26,,,,None,woot,Other,2,jefftest,Chrome,Windows,1080,1920,2.75215,4,0.28,True,True
39,32,Gangplank,0.007685202648571247,72,Master Yi,0.02992052040054479,98,Ryze,0.005961473843843985,27,Ezreal,0.08724198828433068,117,Taric,0.010031006258647474,,,,,,,,,,,,,,,,2,,,,,,,,None,woot,Other,2,jefftest,Chrome,Windows,1080,1920,2.75215,4,,,
40,32,Gangplank,0.007685202648571247,72,Master Yi,0.02992052040054479,98,Ryze,0.005961473843843985,27,Ezreal,0.08724198828433068,117,Taric,0.010031006258647474,,,,,,,,,,,,,,,,2,,0.24,,0.24,,,,None,woot,Other,2,jefftest,Chrome,Windows,1080,1920,2.75215,4,0.26,,
41,32,Gangplank,0.007685202648571247,72,Master Yi,0.02992052040054479,98,Ryze,0.005961473843843985,27,Ezreal,0.08724198828433068,117,Taric,0.010031006258647474,,,,,,,,,,,,,,,,2,,0.24,,0.24,,,,None,woot,Other,2,jefftest,Chrome,Windows,1080,1920,2.75215,4,0.26,True,True
42,2,Akali,0.002506170971036469,131,Vi,0.011382914926940699,61,LeBlanc,0.016802182611308936,15,Caitlyn,0.057982788136216094,78,Nautilus,0.04070346342310664,,,,,,,,,,,,,,,,2,,,,,,,,None,woot,Other,2,jefftest,Chrome,Windows,1080,1920,2.75215,4,,,
43,2,Akali,0.002506170971036469,131,Vi,0.011382914926940699,61,LeBlanc,0.016802182611308936,15,Caitlyn,0.057982788136216094,78,Nautilus,0.04070346342310664,,,,,,,,,,,,,,,,2,,0.2,,0.21,,,,None,woot,Other,2,jefftest,Chrome,Windows,1080,1920,2.75215,4,0.24,,
44,2,Akali,0.002506170971036469,131,Vi,0.011382914926940699,61,LeBlanc,0.016802182611308936,15,Caitlyn,0.057982788136216094,78,Nautilus,0.04070346342310664,,,,,,,,,,,,,,,,2,,0.2,,0.21,,,,None,woot,Other,2,jefftest,Chrome,Windows,1080,1920,2.75215,4,0.24,True,True
45,68,Malphite,0.010422354373574628,51,Karthus,0.01218429653097858,79,Neeko,0.004954701500800043,48,Kai'Sa,0.054491896722304964,63,Leona,0.03714096363844725,,,,,,,,,,,,,,,,2,,,,,,,,None,woot,Other,2,jefftest,Chrome,Windows,1080,1920,2.75215,4,,,
46,68,Malphite,0.010422354373574628,51,Karthus,0.01218429653097858,79,Neeko,0.004954701500800043,48,Kai'Sa,0.054491896722304964,63,Leona,0.03714096363844725,,,,,,,,,,,,,,,,2,,0.21,,0.22,,,,None,woot,Other,2,jefftest,Chrome,Windows,1080,1920,2.75215,4,0.23,,
47,68,Malphite,0.010422354373574628,51,Karthus,0.01218429653097858,79,Neeko,0.004954701500800043,48,Kai'Sa,0.054491896722304964,63,Leona,0.03714096363844725,,,,,,,,,,,,,,,,2,,0.21,,0.22,,,,None,woot,Other,2,jefftest,Chrome,Windows,1080,1920,2.75215,4,0.23,True,True
48,68,Malphite,0.010422354373574628,24,Ekko,0.036034711468687385,61,LeBlanc,0.016802182611308936,73,Miss Fortune,0.060379907127460795,12,Blitzcrank,0.033702772749535065,,,,,,,,,,,,,,,,2,,,,,,,,None,woot,Other,2,jefftest,Chrome,Windows,1080,1920,2.75215,4,,,
49,68,Malphite,0.010422354373574628,24,Ekko,0.036034711468687385,61,LeBlanc,0.016802182611308936,73,Miss Fortune,0.060379907127460795,12,Blitzcrank,0.033702772749535065,,,,,,,,,,,,,,,,2,,0.26,,0.25,,,,None,woot,Other,2,jefftest,Chrome,Windows,1080,1920,2.75215,4,0.27,,
50,68,Malphite,0.010422354373574628,24,Ekko,0.036034711468687385,61,LeBlanc,0.016802182611308936,73,Miss Fortune,0.060379907127460795,12,Blitzcrank,0.033702772749535065,,,,,,,,,,,,,,,,2,,0.26,,0.25,,,,None,woot,Other,2,jefftest,Chrome,Windows,1080,1920,2.75215,4,0.27,True,True
51,34,Gnar,0.005656213031355623,93,Rek'Sai,0.018763837378907175,112,Sylas,0.01857841425026433,128,Vayne,0.03846179841528128,76,Nami,0.03776566312739702,,,,,,,,,,,,,,,,2,,,,,,,,None,woot,Other,2,jefftest,Chrome,Windows,1080,1920,2.75215,4,,,
52,34,Gnar,0.005656213031355623,93,Rek'Sai,0.018763837378907175,112,Sylas,0.01857841425026433,128,Vayne,0.03846179841528128,76,Nami,0.03776566312739702,,,,,,,,,,,,,,,,2,,0.24,,0.25,,,,None,woot,Other,2,jefftest,Chrome,Windows,1080,1920,2.75215,4,0.25,,
53,34,Gnar,0.005656213031355623,93,Rek'Sai,0.018763837378907175,112,Sylas,0.01857841425026433,128,Vayne,0.03846179841528128,76,Nami,0.03776566312739702,,,,,,,,,,,,,,,,2,,0.24,,0.25,,,,None,woot,Other,2,jefftest,Chrome,Windows,1080,1920,2.75215,4,0.25,True,True
54,20,Darius,0.02726639151974206,102,Shaco,0.020697434398575486,17,Cassiopeia,0.00969757514757336,65,Lucian,0.04070346342310664,142,Yuumi,0.04711717842993463,,,,,,,,,,,,,,,,2,,,,,,,,None,woot,Other,2,jefftest,Chrome,Windows,1080,1920,2.75215,4,,,
55,20,Darius,0.02726639151974206,102,Shaco,0.020697434398575486,17,Cassiopeia,0.00969757514757336,65,Lucian,0.04070346342310664,142,Yuumi,0.04711717842993463,,,,,,,,,,,,,,,,2,,0.27,,0.25,,,,None,woot,Other,2,jefftest,Chrome,Windows,1080,1920,2.75215,4,0.27,,
56,20,Darius,0.02726639151974206,102,Shaco,0.020697434398575486,17,Cassiopeia,0.00969757514757336,65,Lucian,0.04070346342310664,142,Yuumi,0.04711717842993463,,,,,,,,,,,,,,,,2,,0.27,,0.25,,,,None,woot,Other,2,jefftest,Chrome,Windows,1080,1920,2.75215,4,0.27,True,True
57,85,Ornn,0.019384112543713087,21,Diana,0.004512192034760273,30,Fizz,0.014878032589238496,27,Ezreal,0.08724198828433068,119,Thresh,0.07876236582915318,,,,,,,,,,,,,,,,2,,,,,,,,None,woot,Other,2,jefftest,Chrome,Windows,1080,1920,2.75215,4,,,
58,85,Ornn,0.019384112543713087,21,Diana,0.004512192034760273,30,Fizz,0.014878032589238496,27,Ezreal,0.08724198828433068,119,Thresh,0.07876236582915318,,,,,,,,,,,,,,,,2,,0.24,,0.23,,,,None,woot,Other,2,jefftest,Chrome,Windows,1080,1920,2.75215,4,0.25,,
59,85,Ornn,0.019384112543713087,21,Diana,0.004512192034760273,30,Fizz,0.014878032589238496,27,Ezreal,0.08724198828433068,119,Thresh,0.07876236582915318,,,,,,,,,,,,,,,,2,,0.24,,0.23,,,,None,woot,Other,2,jefftest,Chrome,Windows,1080,1920,2.75215,4,0.25,True,True
